customer_id,laptop,camera,printer,mathematics_book,coffee_maker
customer_1,991.89,14,2.74,12.69,3.44
customer_2,683.91,94.02,12.92,28.67,5.26
customer_3,354.4,15.9,3.69,0.77,7.87
customer_4,1265.65,54.49,4.29,63.07,12.62
customer_5,597.93,90.83,11.54,37.03,9.56
customer_6,569.56,68.3,4.59,37.94,8.92
customer_7,523.83,48.42,1.94,35.21,3.29
customer_8,594.59,9.26,1.79,15.96,9.04
customer_9,1703.6,90.54,11,14.49,3.43
customer_10,92.5,71.15,6.96,17.64,11.15
customer_11,541.47,42.3,1.37,12.25,11.11
customer_12,519.66,97.2,15.37,29.47,8.12
customer_13,55.58,75.65,9.25,54.81,6.82
customer_14,1024.56,64.13,5.66,14.72,1.1
customer_15,3.97,38.43,2.64,39.55,3.77
customer_16,1222.16,42.99,2.79,19.99,6.93
customer_17,121.82,31.47,3.62,10.22,7.71
customer_18,1205.79,47.78,5.82,26.11,5.18
customer_19,249.34,81.79,10.39,56.07,5.96
customer_20,1437.72,49.6,2.11,55.38,12.58
customer_21,1000.77,21.62,64.84,58.61,9.63
customer_22,654.58,55.82,5.92,22.26,3.87
customer_23,276.01,16.22,0.15,65.03,3.93
customer_24,795.38,28.78,1.14,61.96,10.89
customer_25,1595.58,86.48,10.5,27.39,5.52
customer_26,1352.86,4.63,4.06,56.3,9.17
customer_27,556.99,97.16,14.59,52.85,8.54
customer_28,502.18,37.29,3.63,53.69,11.35
customer_29,413.26,56.45,4.82,5.81,7.63
customer_30,270.06,76.23,10.94,61.53,4.29
customer_31,290.77,1.66,0.44,34.79,12.74
customer_32,460.87,66.7,5.74,48.65,10.49
customer_33,219.48,37.67,0.51,10.08,9.41
customer_34,345.46,25.66,1.54,5.81,6.35
customer_35,1602.6,5.3,1.83,6.6,4.31
customer_36,989.61,71.03,8.69,45.39,8.65
customer_37,290.52,98.45,14.27,47.6,7.83
customer_38,1024.17,74.74,9.54,7.01,1.1
customer_39,535.5,37.57,3.52,15.96,6.73
customer_40,510.21,38.78,2.21,32.13,8.31
customer_41,1522.15,85.77,11.03,21.26,2.7
customer_42,65.64,15.41,3.88,62.51,6.68
customer_43,275.93,36.23,0.68,49.98,10.48
customer_44,1393.49,28.33,0.65,28.4,5.31
customer_45,1787,25.57,2.81,37.98,10.16
customer_46,570.32,38.37,2.01,17.5,9.62
customer_47,1777.34,53.59,4.28,64.03,14.25
customer_48,22.27,17.8,3.93,49.63,5.02
customer_49,1140.56,99.44,14.74,39.54,12.5
customer_50,167.77,65.46,6.06,4.55,10.27
customer_51,650.1,74.83,9.18,40.53,6.13
customer_52,243.05,16.86,1.21,69.16,3.99
customer_53,659.02,9.87,2.87,47.48,9.5
customer_54,394.4,73.53,8.9,31.43,5.2
customer_55,793.7,68.38,9.79,50.26,6.7
customer_56,1053.07,9.33,0.05,67.14,13.56
customer_57,311.96,41.29,2.09,64.68,6.37
customer_58,253.63,93.87,13.19,28.28,5.52
customer_59,519.02,28.2,1.59,12.04,11.52
customer_60,538.46,4.04,0.09,19.18,10.43
customer_61,490.36,9.35,1.34,50.82,9.77
customer_62,1046.12,61.56,4.52,5.19,1.75
customer_63,9.45,36.05,3.11,44.52,8.57
customer_64,490.86,73.6,7.32,16.52,11.11
customer_65,288.53,4.65,1.89,65.66,8.33
customer_66,415.65,35.71,2.25,50.05,5.15
customer_67,833.13,50.97,3.52,5.49,0.88
customer_68,1704.2,2.64,26.75,39.75,7.12
customer_69,1762.63,11.41,1.82,52.14,9.5
customer_70,507.89,82.75,11.01,22.19,3.47
customer_71,60.15,19.9,5.91,61.46,5.94
customer_72,1725.06,48.52,5.4,47.03,15.81
customer_73,342.72,34.36,4.02,50.75,7.71
customer_74,136.34,75.29,8.99,27.58,9.97
customer_75,300.37,29.32,0.86,8.96,12.59
customer_76,1194.03,79.52,9.69,48.43,6.68
customer_77,1598.45,20.43,4.33,26.26,5.75
customer_78,1600.33,70.2,6.95,16.89,3.5
customer_79,301.66,62.62,6.52,41.37,9.53
customer_80,1470.77,34.97,2.46,68.55,12.09
customer_81,381.75,93.74,40.75,15.4,8.38
customer_82,487.71,94.77,14.56,51.38,5.33
customer_83,345.98,85.71,12.68,26.81,8.55
customer_84,126.7,59.51,5.88,1.12,12.25
customer_85,1252.19,36.02,1.63,4.75,1.33
customer_86,73.16,90.03,11.39,57.82,4.66
customer_87,26.64,82.27,8.1,59.92,10.18
customer_88,75.65,28.15,2.51,57.4,2.66
customer_89,122.7,32.28,1.83,23.52,4.66
customer_90,295.4,73.43,5.53,18.06,5.86
customer_91,46.73,89.37,9.28,51.38,6.24
customer_92,597.91,69.39,7.48,48.86,9.18
customer_93,260.23,54.82,3.33,38.5,9.98
customer_94,128.52,38.29,2,19.53,8.98
customer_95,725.61,41.97,2.21,69.59,13.69
customer_96,20.64,78.47,9.2,49.77,6.17
customer_97,487.01,75.95,7.16,45.92,5.42
customer_98,504.44,80.47,8.6,49.98,6.3
customer_99,1112.05,87.69,13.04,12.8,0.59
customer_100,654.67,34.02,2.68,6.97,4.34
customer_101,1673.81,43.91,2.17,10.37,3.89
customer_102,1199.28,80.18,9.92,19.93,0.54
customer_103,695.98,23.14,2.04,29.04,7.57
customer_104,1514.34,47.93,3.95,54.13,9.79
customer_105,166.06,40.3,0.78,20.79,3.94
customer_106,824.74,84.01,10.85,21.09,2.33
customer_107,210.57,32.54,19.41,55.23,8.26
customer_108,1757.84,2.12,2.16,43.91,11.6
customer_109,1322.01,88.07,11.9,37.79,7.28
customer_110,602.74,93.6,12.62,56.84,5.13
customer_111,1205.9,69.41,8.86,49.91,7.19
customer_112,314.2,41.36,3.64,23.52,10.62
customer_113,1399.57,40.09,3.77,0.11,2.22
customer_114,481.11,97.77,14.86,66.85,7.67
customer_115,343.6,99.15,15.16,28.49,9.56
customer_116,942.63,10.6,2.63,33.95,7
customer_117,895.65,33.89,3.72,22.86,0.98
customer_118,340.86,49.31,5.21,44.59,12.3
customer_119,1341.06,77.4,9.08,20.42,2.17
customer_120,2.3,63.85,8.09,67.06,2.27
customer_121,424.68,94.52,16.92,57.89,9.76
customer_122,336.89,69.18,6.6,31.01,1.09
customer_123,284.19,80.2,9.5,36.33,10.28
customer_124,1152.36,22.05,3.29,27.61,8.66
customer_125,446.14,76.2,6.68,4.76,7.53
customer_126,213.94,24.05,0.61,41.86,7.92
customer_127,524.11,18.44,0.88,13.44,9.25
customer_128,1761.24,13.84,0.04,30.89,8.37
customer_129,466.74,9.86,1.92,42.77,10.27
customer_130,1560.93,82.65,10.74,62.3,8.96
customer_131,405.93,12.85,1.46,38.99,7.37
customer_132,582.22,44.15,2.42,10.08,6.02
customer_133,223.01,26.32,38.26,29.4,5.06
customer_134,1180.81,78.01,7.73,31.76,9.04
customer_135,270.87,75.65,8.4,29.4,13.4
customer_136,1367.79,85.45,10.05,6.98,0.95
customer_137,55.67,34.78,0.63,47.39,8.67
customer_138,48.4,48.57,4.47,28.77,7.19
customer_139,408.17,20.64,3.87,4.13,6.25
customer_140,1445.75,45.68,4.05,11.34,3.82
customer_141,281.33,93.43,16.42,48.09,8.9
customer_142,1599.49,73.85,7.85,65.89,11.79
customer_143,1080.73,41.15,0.72,6.36,3.7
customer_144,254.71,12.78,0.98,44.03,5.73
customer_145,43.27,17.48,2.88,54.18,7.3
customer_146,22.03,4.34,3.24,7.14,15.11
customer_147,569.8,13.14,3.09,0.49,9.56
customer_148,943.4,52.42,4.22,12.32,3.09
customer_149,1436.77,49.19,3.24,43.8,8.43
customer_150,508.97,94.9,15.87,48.51,11.21
customer_151,890.73,64.77,6.41,23.23,3.41
customer_152,907.16,97.64,11.94,26.03,7.84
customer_153,1323.32,78.53,5.05,55.15,9.26
customer_154,481.6,94.44,14.53,66.29,7.68
customer_155,1677.82,10.16,1.13,54.58,7.76
customer_156,356.2,65.66,30.52,40.95,11.22
customer_157,501.66,67.83,7.72,27.3,5.76
customer_158,61.18,85.42,10.87,15.47,8.83
customer_159,1022.21,15.79,0.99,43.19,7.36
customer_160,385.22,16.93,0.74,27.65,7.49
customer_161,1683.48,31.05,1.07,40.65,6.87
customer_162,1214.41,13.12,0.24,31.91,5.63
customer_163,1700.93,19.56,0.9,64.67,11.76
customer_164,366.18,7.61,1.09,31.43,4.42
customer_165,212.05,33.77,2.2,44.52,4.38
customer_166,20.59,26.95,1.96,40.81,6.06
customer_167,1487.5,4.45,0.99,24.02,3.76
customer_168,855.83,44.39,1.93,12.25,3.11
customer_169,2.71,15.97,1.98,38.85,1.46
customer_170,289.84,27.22,3.03,21.7,8.66
customer_171,570.9,31.62,0.19,62.02,4.76
customer_172,292.2,6.21,1.56,13.72,9.46
customer_173,437.41,97.54,15.51,6.93,9.48
customer_174,1703.46,66.44,8.17,56.46,16.55
customer_175,986.62,80.94,10.59,62.89,14.02
customer_176,122.73,29.39,1.61,4.27,11.31
customer_177,1225.94,28.87,2,69.43,11.08
customer_178,422.51,56.64,6.07,17.43,7.63
customer_179,1303.81,95.46,12.73,2.55,0.45
customer_180,391.11,45.87,6.2,52.78,4.91
customer_181,1206.79,95.83,15.12,22.65,3.58
customer_182,864.45,21.73,0.41,67.58,12.86
customer_183,621.4,18.74,0.37,4.37,3.48
customer_184,38.83,76.41,8.64,51.03,6.66
customer_185,1794.99,92.55,12.87,1.96,0.32
customer_186,468.29,22.23,0.21,66.15,5.18
customer_187,56.64,46.97,3.01,34.58,5.49
customer_188,638.68,86.65,10.9,10.47,2.76
customer_189,179.21,73.48,7.22,9.03,11.93
customer_190,572.52,61.27,5.27,21.84,9.64
customer_191,195.31,13.59,3.73,14.14,8.44
customer_192,173.08,77.23,6.27,40.81,5.16
customer_193,588.6,8.74,1.08,15.54,7.15
customer_194,713.66,45.38,4.21,20.22,4.58
customer_195,195.66,43.52,2.4,13.23,9.01
customer_196,1563.21,19.74,0.95,16.27,5.15
customer_197,743.23,56.1,6.33,69.5,12.4
customer_198,1458.32,36.41,4.57,20.56,4.63
customer_199,902.71,44.81,3.31,5.23,0.26
customer_200,1045.46,83.85,11.5,68.41,15.49
customer_201,1625.02,7.03,3.5,26.43,7.19
customer_202,439.68,62.32,53.33,68.46,9.31
customer_203,1025.23,25.84,2.19,52.04,7.67
customer_204,268.17,17.38,3.64,19.6,6.57
customer_205,478.27,73.23,7.4,36.47,12.04
customer_206,1713.38,48.38,4.03,15.75,3.12
customer_207,352,29.78,1.7,69.65,6.74
customer_208,51.66,34.15,66.74,3.15,17.32
customer_209,539.53,17.37,0.24,6.86,10.04
customer_210,285.42,13.55,1.05,9.45,8.14
customer_211,123.45,13.45,4.02,65.52,1.51
customer_212,211.2,6.04,1.81,37.66,11.78
customer_213,375.35,53.46,6.23,25.27,4.04
customer_214,1469.57,9.88,1.98,48.48,9.73
customer_215,673.22,24.13,2.8,22.56,10.75
customer_216,1183.4,6.46,5.5,8.84,2.77
customer_217,1676.75,71.37,5.89,67.3,11.35
customer_218,202.72,65.25,6.07,64.61,1.46
customer_219,512.11,84.77,7.07,31.78,6.13
customer_220,479.34,61.01,5.6,53.55,1.42
customer_221,625.8,30.66,3.19,25.03,5.91
customer_222,292.87,87.86,13.3,2.87,13.33
customer_223,326.32,31.63,1.69,14.91,6.56
customer_224,1784.17,95.85,12.36,53.5,11.91
customer_225,582.04,43.5,3.91,7.98,4.88
customer_226,464.65,65.21,4.97,1.61,13.19
customer_227,577.92,95.74,15.29,68.04,4.15
customer_228,1549.78,12.55,58.48,56.73,10.67
customer_229,372.36,70.78,14.56,38.85,1.42
customer_230,298.47,56.58,4.65,32.55,6.27
customer_231,196.62,45.25,2.85,1.82,12.81
customer_232,154.81,23.54,50.46,30.52,9.78
customer_233,157.64,97.15,15.31,62.65,5.76
customer_234,204.43,2.86,2.48,46.62,14.26
customer_235,1031.8,27.51,2.84,62.95,15
customer_236,1067.99,79.6,10.71,2.39,3.76
customer_237,949.59,11.2,2.38,39.98,7.62
customer_238,405.83,15.16,2.25,8.33,7.62
customer_239,586.92,38.01,3.68,1.12,4.83
customer_240,380.7,91.79,11.05,7.42,9.68
customer_241,219.24,70.55,8.28,1.47,10.32
customer_242,1284.38,61.36,6.2,54.62,13.72
customer_243,0.89,18.12,0.2,6.23,6.45
customer_244,1232.02,93.16,13.52,1.48,1.63
customer_245,559.04,67.41,7.98,18.06,8.95
customer_246,92.66,84.3,9.85,30.94,3.05
customer_247,136.12,3.3,2.19,53.9,3.09
customer_248,110.27,49.96,6.27,37.45,9.13
customer_249,967.79,62.81,46.18,6.88,0.59
customer_250,377.51,25.49,2.55,26.67,9.99
customer_251,1002.24,69.55,6.42,17.26,2.58
customer_252,118.63,30.26,72.85,29.4,8.56
customer_253,259.54,59.1,6.89,59.43,7.45
customer_254,1720.64,79.64,9.35,46.55,5.23
customer_255,791.76,39.9,4.45,28.33,3.46
customer_256,527.01,4.84,1.86,5.18,5.74
customer_257,466.88,65.44,6.34,49.28,10.66
customer_258,854.51,22.12,0.31,7.08,3.06
customer_259,283.7,27.32,0.83,53.41,4.17
customer_260,526.07,84.09,10.81,10.5,8.98
customer_261,1748.56,71.22,8.58,46.12,7.62
customer_262,149.73,22.25,3.42,51.1,0.82
customer_263,1039.78,32.03,1.97,69.49,14.3
customer_264,1184.74,47.39,1.27,53.24,11.24
customer_265,91.81,39.5,4.59,46.27,2.91
customer_266,581.6,85.02,10.3,38.01,10.66
customer_267,730.58,77.56,8.34,48.16,7.5
customer_268,82.46,3.9,1.86,40.25,8.34
customer_269,534.86,59.21,7.34,43.4,8.76
customer_270,1337.39,75.09,10.53,49.61,13.08
customer_271,304.79,26.06,1.64,1.54,5.74
customer_272,134.56,58,5.36,15.82,7.76
customer_273,1028.43,86.35,9.58,28.81,5.18
customer_274,685.16,2.03,3.81,35.64,7.15
customer_275,27.3,1.7,2.6,22.33,7.12
customer_276,448.47,15.97,1.1,15.89,5.25
customer_277,493.85,26.94,2.64,20.72,7.37
customer_278,1174.87,72.92,35.67,14.51,2.79
customer_279,1797.6,38.78,2.63,41.19,13.87
customer_280,892.29,70.12,9.13,39.5,9.77
customer_281,515.15,27.55,4.35,11.76,11.4
customer_282,574.07,92.42,12.51,46.13,9.38
customer_283,293.94,9.16,1.12,59.57,2.95
customer_284,835.25,18.45,0.7,53.55,9.86
customer_285,275.65,47.93,2.93,63.49,7.72
customer_286,280.9,60.13,6.11,61.81,5.64
customer_287,133.17,60.55,7.12,23.73,7.48
customer_288,1311.4,19.42,1.42,8.76,3.88
customer_289,311.05,82.66,12.33,39.97,8.74
customer_290,1468.56,32.26,2.14,12.13,4.53
customer_291,998.35,50.53,4.52,21.54,0.51
customer_292,44.12,79.53,41.51,13.02,10.48
customer_293,1169.11,81.45,10.09,48.23,9.19
customer_294,950.97,78.41,10.68,61.51,10.33
customer_295,2.86,34.97,2.87,19.04,11.54
customer_296,367.29,53.9,16.5,42.28,7.73
customer_297,274.34,68.79,9.16,59.64,6.22
customer_298,563.5,89.18,40.94,50.19,1.38
customer_299,217.86,86.01,11.15,7,10.63
customer_300,266.27,54.95,6.14,58.66,3.4
customer_301,113.08,77.29,6.08,18.55,10.61
customer_302,534.19,47.22,5.61,56.77,4.88
customer_303,239.91,62.19,5.54,17.85,5.94
customer_304,1195.1,64.47,6,20.4,2.79
customer_305,298.45,47.66,3.4,8.19,9.32
customer_306,1778.47,50.09,2.26,1.97,1.19
customer_307,393.51,93.06,13.29,47.32,5.9
customer_308,211.05,12.79,1.77,39.41,8.15
customer_309,1321.37,69.4,6.14,24.16,6.39
customer_310,724.71,54.99,5.69,43.23,8.25
customer_311,1196.3,71.15,6.21,16.01,1.56
customer_312,231.36,59.02,5.38,15.05,13.5
customer_313,313.22,58.98,6.54,5.39,10.01
customer_314,1324.88,2.57,3.4,1.4,0.45
customer_315,1675.3,27.74,40.77,42.39,4.34
customer_316,389.22,15.56,1.03,55.37,12.35
customer_317,283.59,11.93,1.01,66.71,6.67
customer_318,1486.92,83.21,9.84,16.33,2.97
customer_319,93.95,45.59,2.84,35.07,8.06
customer_320,281.55,27.06,1.56,8.89,12.36
customer_321,1000.72,37.18,3.53,25.69,4.62
customer_322,506.1,78.87,9.26,28.28,9.57
customer_323,34.52,27.1,1.28,56.42,11.23
customer_324,311.56,6.46,0.33,58.66,4.5
customer_325,322.34,97.67,14.82,51.17,8.18
customer_326,67.56,48.3,5.77,40.11,10.26
customer_327,1740.91,68.04,6.39,21.76,6.77
customer_328,399.64,63.05,7.88,51.24,8.04
customer_329,402.86,36.6,23.64,46.27,5.07
customer_330,60.72,32.18,2.2,41.23,6.99
customer_331,301.98,99.4,17.45,39.76,7.03
customer_332,120.54,38.94,2.98,38.64,7.45
customer_333,1666.24,2.8,5.33,65.36,12.73
customer_334,912.35,19.91,1.69,10.54,1.61
customer_335,1674.05,68.74,6.65,66.8,12.18
customer_336,307.01,19.72,0.96,9.03,8.11
customer_337,1513.8,69.66,7.16,31.38,9.24
customer_338,1475.84,14.48,2.81,50.63,10.47
customer_339,1101.74,34.82,69.87,32.52,3.79
customer_340,25.31,37.99,0.29,1.12,11.02
customer_341,601.05,40.49,2.59,68.6,2.32
customer_342,214.46,14.8,1.14,5.46,8.2
customer_343,729.66,46.26,3.62,6.44,2.37
customer_344,590.69,4.51,1.58,38.36,4.56
customer_345,1135.29,79.68,9.68,41,5.83
customer_346,1109.69,60.53,7.27,28.19,8.16
customer_347,149.67,49.32,4.22,4.41,13.08
customer_348,92.92,12.9,0.19,33.67,2.77
customer_349,122.43,52.75,2.46,27.58,10.26
customer_350,1799.86,27.12,1.81,56.65,9.67
customer_351,388.88,86.39,11.17,17.92,12.93
customer_352,1470.76,72.74,6.37,49.11,9.95
customer_353,84.04,45.31,2.71,14,12.95
customer_354,118.92,7.95,2.85,28.35,9.76
customer_355,1471.44,13.4,0.05,27.1,6.55
customer_356,236.03,65.39,6.72,7.84,12.01
customer_357,680.78,84.02,10.94,8.08,0.29
customer_358,283.94,88.6,13.82,43.47,8.59
customer_359,56.75,59.19,4.92,3.64,10.38
customer_360,125.88,66.41,6.97,25.97,4.46
customer_361,458.1,65.28,8.28,68.6,2.9
customer_362,1767.15,87.14,11.86,18.04,2.59
customer_363,1049.9,92.52,10.27,16.71,4.87
customer_364,1668.56,15.93,68.38,57.6,11.25
customer_365,339.76,95.12,13.24,26.67,9.9
customer_366,1348.15,95.54,15.91,66.65,14
customer_367,78.15,67.57,10.41,47.32,4.72
customer_368,1318.59,50.11,3.15,26.2,1.42
customer_369,54.38,73.35,76.97,31.99,10.34
customer_370,583.45,2.61,3.15,1.61,10.15
customer_371,284.21,49.82,4.54,31.08,9.37
customer_372,1250.79,67.56,44.44,17.07,0.73
customer_373,569.17,61.14,7.81,46.34,4.01
customer_374,1565.6,46.49,3.45,14.4,5.18
customer_375,494.66,74.93,6.21,55.16,6.96
customer_376,1649.68,56.72,7.23,33.42,7.59
customer_377,301.51,80.35,9.98,19.67,8.09
customer_378,1653.61,83.72,11.96,15.76,0.96
customer_379,1184.79,12.47,1.67,44,10.29
customer_380,305.53,22.96,1.32,66.5,8.22
customer_381,1192.15,54.12,3.44,59.96,12.53
customer_382,382.56,8.07,1.7,3.29,10.73
customer_383,209.72,63.35,7.49,3.15,6.36
customer_384,99.43,54.26,4.22,61.46,13.66
customer_385,569.59,98.96,14.14,3.36,13.55
customer_386,774.06,64.56,7.67,13.38,2.41
customer_387,50.28,35.87,2.92,54.11,11.63
customer_388,309.7,32.36,2.09,58.66,5.93
customer_389,965.61,88.85,12.03,19.44,10.16
customer_390,127.2,96.01,12.98,39.48,9.64
customer_391,1131.9,58.47,5.12,17.79,3.51
customer_392,134.79,20.44,1.75,55.51,6.17
customer_393,376.76,87.07,20.77,9.94,6.25
customer_394,1365.88,15.74,1.01,49.66,6.88
customer_395,419.45,68.45,7.01,1.12,16.45
customer_396,237.04,98.95,14.97,54.53,3.75
customer_397,777.99,4.01,1.62,30.73,8.09
customer_398,199.22,59.92,6.78,12.81,8.06
customer_399,207.28,64.65,7.73,11.06,9.88
customer_400,321.46,19.3,1.12,31.78,9.35
customer_401,235.19,82.2,10.78,20.23,11.53
customer_402,1297.75,8.52,2.84,3.54,0.53
customer_403,267.03,37.53,0.11,49.63,9.04
customer_404,1093.62,8.01,1.94,69.55,13.64
customer_405,1122.89,84.06,9.99,37.54,8.93
customer_406,190.14,5.06,2.8,64.82,4.3
customer_407,1622.25,81.61,11.23,53.64,9.88
customer_408,1513.23,70.02,8.68,50.27,10.53
customer_409,134.39,55.32,5.34,58.17,7.55
customer_410,406.01,49.29,4.46,40.88,7.43
customer_411,1796.46,69.41,5.07,61.59,12.84
customer_412,1537.01,67.23,4.9,28.41,5
customer_413,504.85,15.36,1.74,17.99,7.07
customer_414,438.7,76.88,7.34,49.21,8.32
customer_415,199.56,23.7,2.81,48.37,9.04
customer_416,431.78,33.17,3.17,63.63,2.44
customer_417,1290.77,40.52,2.94,42.53,8.15
customer_418,283.44,72.96,6.95,25.76,11.66
customer_419,1291.39,68.19,5.64,1.61,3.53
customer_420,1131.99,45.65,4.92,60.39,10.8
customer_421,421.74,31.34,1.82,45.5,10.7
customer_422,1015.36,82.46,12.31,36.7,7.49
customer_423,456.1,12.74,1.62,41.72,1.52
customer_424,1309.94,46.5,4.59,22.82,5.78
customer_425,77.74,70.2,6.35,5.81,10.74
customer_426,715.83,82.85,9.46,26.13,9.12
customer_427,328.29,41.62,3.43,41.09,5.27
customer_428,375.45,23.11,0.01,56.14,5.32
customer_429,1124.87,18.78,2.3,52.68,8.79
customer_430,1230.5,86.74,6.94,2.13,3.36
customer_431,62.47,0.48,1.24,26.53,5.17
customer_432,391.05,11.36,2.28,32.76,4.33
customer_433,227.39,26.58,3.21,7.63,14.03
customer_434,383.94,9.57,1.44,60.76,10.15
customer_435,474.94,45.35,6.64,13.3,11.14
customer_436,1110.02,12.9,0.73,17,2.55
customer_437,303.82,4.52,1.93,3.01,12.02
customer_438,101.76,16.79,0.15,26.18,8.25
customer_439,123.34,45.32,3.23,0.14,3.31
customer_440,1454.83,81.82,10.85,32.78,8.86
customer_441,275.29,98.09,15.23,25.48,9.45
customer_442,173.47,11.26,1.25,41.58,3.8
customer_443,989.73,30.17,0.99,29.92,4.43
customer_444,1605.99,63.95,10.35,51.9,11.53
customer_445,771.04,58.46,6.28,5.54,0.42
customer_446,1529.19,64.01,6.1,49.19,7.26
customer_447,841.47,77.02,11.14,39.55,8.14
customer_448,1050.56,41.3,3.2,29.36,6.1
customer_449,1574.18,47.3,2.8,25.52,7.14
customer_450,1061.88,49.37,2.69,62.54,13.65
customer_451,899.09,56.5,4.38,12.88,2.43
customer_452,339.32,21.56,0.41,20.37,13.05
customer_453,109.51,95.94,14.64,37.45,2.89
customer_454,993.37,45.38,1.85,68.12,14.17
customer_455,57.89,28.07,57.83,60.69,2.58
customer_456,1750.19,0.31,5.19,31.07,5.74
customer_457,585.28,52.98,6.13,35.56,7.03
customer_458,435.15,42.64,1.06,18.27,12.24
customer_459,123.15,92.18,11.33,39.97,4.95
customer_460,423.73,4.18,2.31,49.98,3.74
customer_461,598.19,40.98,2.63,62.51,10.82
customer_462,415.16,10.96,2.9,29.26,5.94
customer_463,981.88,98.18,14.51,46.78,6.72
customer_464,677.87,81.14,52.61,20.95,1.67
customer_465,54.81,69.93,8,47.67,7.69
customer_466,493.21,85.18,77.56,3.15,10.59
customer_467,37.12,12.91,0.87,38.85,4.64
customer_468,563.98,56.2,4.65,14.21,4.67
customer_469,986.18,41.72,3.53,35.89,6.31
customer_470,1074.42,2.51,1.57,20.81,7.2
customer_471,1757.7,77.14,9.17,31.66,6.23
customer_472,606.66,22.3,0.39,44.8,6.03
customer_473,617.01,63.57,5.23,35.91,8.42
customer_474,624.64,65.05,7.68,34.11,5.06
customer_475,967.92,38.72,2.68,35.51,7.04
customer_476,605.16,22.38,1.17,15.47,6.96
customer_477,1771.89,43.97,4.34,24.89,4.42
customer_478,613.97,96.31,14.35,33.18,7.56
customer_479,919.57,51.29,5.09,12.92,3.57
customer_480,1402.51,82.15,11.3,69.25,11.98
customer_481,157.34,14,1.8,18.48,8.63
customer_482,344.55,98.93,15.39,14.98,10.98
customer_483,141.68,86.4,12.26,16.59,11.06
customer_484,480.73,0.31,0.12,43.4,11.6
customer_485,4.96,68.18,6.4,65.94,4.35
customer_486,956.32,18.22,1.96,37.61,7.02
customer_487,1628.43,72.86,6.19,51.05,8.58
customer_488,1099.5,41.89,4.61,35.12,7.92
customer_489,402.11,72.67,7.28,40.32,7.52
customer_490,433.75,3.39,2.6,7.42,9.27
customer_491,526.22,92.63,11.67,44.38,6.04
customer_492,762.9,71.54,8.23,28.2,3.9
customer_493,692.48,39.24,1.29,3.98,0.32
customer_494,1258.71,32,1.77,22.38,7.6
customer_495,62.74,2.83,2.91,28.14,8.44
customer_496,933.48,9.48,0.87,7.2,5.58
customer_497,1113.76,91.05,15.82,61.94,9.42
customer_498,993.77,44.4,4.88,32.06,5.22
customer_499,1712.28,65.31,5.1,5.94,4.12
customer_500,146.64,89.22,11.42,19.04,9.19
customer_501,540.53,40.8,2.96,39.41,8.61
customer_502,1021.47,89.71,13.93,7.24,5.06
customer_503,257.89,71.33,8.73,50.54,8.96
customer_504,429.7,77.91,9.57,4.76,11.55
customer_505,44.47,89.75,31.69,36.26,10.37
customer_506,137.25,57.23,6.78,55.58,12.01
customer_507,900.81,66.02,7.26,23.49,5.34
customer_508,569.09,26.38,1.01,28.84,3.02
customer_509,400.87,12.02,1.03,18.48,8.13
customer_510,414.8,61.84,19.63,30.17,9.81
customer_511,147.75,2.67,1.24,8.4,8.35
customer_512,547.34,52.85,4.69,18.55,5.47
customer_513,1013.5,56.22,7.83,42.89,9.26
customer_514,63.6,37.65,2.41,44.17,10.64
customer_515,1431.37,54.87,4.48,5.11,4.04
customer_516,986.76,75.05,10.29,48.71,9.2
customer_517,673.17,4.78,1.29,26.88,5.01
customer_518,1061.67,0.48,1.31,5.62,2.29
customer_519,236.97,2.97,2.08,54.67,10.17
customer_520,294.09,32.84,3.48,38.01,5.69
customer_521,64.92,33.94,3.36,48.86,8.01
customer_522,1552.95,25.28,3.43,36.06,8.04
customer_523,657.78,64.19,7.27,3.56,2.05
customer_524,788.54,20.43,2.89,39.21,5.93
customer_525,61.19,3.76,1.31,29.68,5.75
customer_526,66.93,81.88,12.64,37.24,4.87
customer_527,1372.7,7.95,0.82,46.8,10.48
customer_528,66.84,72.88,7.93,13.23,5.07
customer_529,367.12,36.89,5.56,20.93,8.04
customer_530,582.25,59.63,4.64,17.22,10.68
customer_531,1271.97,17.09,2.41,54.54,10.81
customer_532,1259.11,63.3,6.83,39.04,9.11
customer_533,348.61,20.86,1.12,56.14,5.44
customer_534,567.91,81.17,9.46,22.33,13.08
customer_535,504.53,84.06,12.28,27.93,7.4
customer_536,1607,74.17,9.49,25.1,3.48
customer_537,139.63,37.72,3.5,52.43,6.63
customer_538,563.35,55.71,75.02,61.74,7.38
customer_539,658.11,97.86,15.01,44.39,8.24
customer_540,584.81,65.19,6.19,45.71,4.18
customer_541,1492.15,67.36,7.04,16.79,4.01
customer_542,491.9,13.33,2.09,11.9,7.25
customer_543,350.01,49.35,4.29,8.89,9.37
customer_544,445.53,82.76,11.28,46.41,9.33
customer_545,121.23,4.29,0.61,12.81,3.59
customer_546,193.61,61.16,6.3,45.29,4.86
customer_547,137.84,26.16,1.89,58.94,3.44
customer_548,493.08,79.08,10.84,33.18,11.91
customer_549,847.12,21.23,2.46,28.61,5.16
customer_550,1078.87,19.99,0.87,25.95,4.13
customer_551,171.15,3.46,0.6,63.84,11.29
customer_552,746.96,22.18,1.99,47.38,8.39
customer_553,1246.02,35.99,3.56,58.69,14.3
customer_554,573.58,26.1,2.43,18.27,13.78
customer_555,124.7,66.6,9.63,38.78,9.27
customer_556,1327.5,20.26,46.68,59.1,14.91
customer_557,408.31,65.63,14.71,40.32,7.58
customer_558,1216.46,71.4,7.07,6.08,3.7
customer_559,1091.35,46.91,4.1,34.3,8.31
customer_560,743.59,67.72,8.12,47.57,8.04
customer_561,798.11,17.62,2.67,49.63,8.96
customer_562,5.53,92.65,14.74,61.11,9.28
customer_563,127.29,53.36,3.97,28,10.09
customer_564,614.87,85.65,9.82,59.99,4.74
customer_565,160.18,97.9,16.45,43.89,5.37
customer_566,274.85,44.42,3.28,16.1,12.6
customer_567,677.09,48.38,5.57,12.74,1.79
customer_568,248.68,57.99,2.64,34.44,12.12
customer_569,1390.96,30.22,0.81,68.13,14.47
customer_570,1765.95,66.38,36.93,12.85,3.97
customer_571,507.94,34.53,2.43,68.53,4.45
customer_572,587.24,19.24,2.41,42.42,6.8
customer_573,1226.93,25.6,57.02,59,11.01
customer_574,70.38,82.15,10.54,24.99,9.3
customer_575,1050.46,63.78,5.15,1.46,1.31
customer_576,26.07,25.32,18.23,1.61,3.93
customer_577,345.4,68.48,26.71,42.7,6.91
customer_578,415.03,45.35,14.83,15.96,12.4
customer_579,866.37,8.81,0.58,39.55,9.12
customer_580,69.61,43.74,3.83,60.69,7.32
customer_581,602.17,65.79,7.74,27.58,13.14
customer_582,604.42,11.33,4.29,39.76,6.99
customer_583,1588.12,62.69,5.99,66.04,10.79
customer_584,1163.65,66.68,4.93,4.54,0.47
customer_585,250.4,40.27,2.9,12.67,16.56
customer_586,416.12,69.13,6.49,8.05,12.38
customer_587,484.7,1.31,1.02,45.99,4.96
customer_588,197.32,81.73,11.61,9.31,6.43
customer_589,20.47,6.21,4.19,20.09,13.94
customer_590,1451.49,21,0.85,39.87,7.94
customer_591,458.85,95.92,14.19,61.95,4.68
customer_592,294.04,96.25,12.13,53.2,3.57
customer_593,303.89,28.51,0.68,19.81,9.03
customer_594,290.2,93.53,14.01,67.69,4.05
customer_595,1518.68,84.76,41.97,39.36,5.26
customer_596,448.54,91.58,11.23,34.02,7.41
customer_597,1177.97,77.32,7.77,39.93,8.45
customer_598,159.66,59.23,6.07,63.35,10.35
customer_599,553.64,28.79,0.68,66.29,8.64
customer_600,462.22,53.08,2.28,7.35,6.24
customer_601,270.34,22.57,2.03,52.71,5.91
customer_602,507.66,63.42,6.15,33.74,4.63
customer_603,1106.34,99.93,15.77,21.98,5.65
customer_604,579.89,49.39,4.65,41.93,2.07
customer_605,277.31,79.53,9.37,3.01,14.57
customer_606,487.36,82.5,10.02,9.66,6.5
customer_607,573.54,28.17,1.55,1.05,6.22
customer_608,228.71,41.98,2.23,22.96,13.17
customer_609,142.33,7.57,1.33,48.51,7.27
customer_610,289.14,62.22,11.84,58.24,2.7
customer_611,96.14,86.31,9.86,30.24,7.27
customer_612,377.58,74.13,6.9,28.21,6.64
customer_613,1034.5,33.65,4.32,21.33,2.52
customer_614,31.61,3.51,0.98,30.38,7.8
customer_615,1770.69,84.95,10.48,68.42,15.16
customer_616,1243.3,71.21,5.55,67.3,11.47
customer_617,331.13,7.56,1.59,17.57,8.89
customer_618,527.59,64.61,7.62,30.73,10.19
customer_619,270.64,41.19,3.72,30.73,10.17
customer_620,567.17,22.31,0.48,17.08,10.23
customer_621,723.8,12.76,1.54,22.23,4.99
customer_622,400.3,61.39,7.21,24.99,3.37
customer_623,332.12,45.25,41.22,34.09,12.74
customer_624,1583.65,9.93,2.46,8.66,0.12
customer_625,300.67,57.63,6.21,49.28,4.19
customer_626,1209.8,70.13,7.29,39.37,13.06
customer_627,91.7,17.63,2.78,43.05,8.53
customer_628,729.43,47.1,2.72,49.66,10.13
customer_629,535.02,4.1,2.52,65.1,5.47
customer_630,109.78,10.33,1.86,14,10.26
customer_631,568.85,91.9,12.04,14,17.48
customer_632,1415.96,20.18,3.21,31.13,7.27
customer_633,301.03,45.79,3.84,15.54,10.23
customer_634,132.72,68.49,21.09,43.89,9.81
customer_635,362.27,68.69,6.75,17.29,6.14
customer_636,1641.27,83.96,12.14,33.02,5.17
customer_637,1737.5,14.9,2.89,42.05,8.59
customer_638,366.22,57.89,4.41,10.36,3.86
customer_639,254.78,56.77,4.55,64.05,5.69
customer_640,28.26,45.3,5.32,63.98,4.96
customer_641,353.87,48.52,2.66,12.11,8.5
customer_642,394.77,2.67,0.73,38.15,9.94
customer_643,576.77,56.28,7.21,2.03,7.44
customer_644,484.69,49.64,2.52,25.41,6.82
customer_645,101.1,13.35,3.19,7.77,7.82
customer_646,1408.61,64.7,8.79,17.16,4.93
customer_647,276.14,15.95,4.32,3.64,12.18
customer_648,728.99,0.09,1.95,17.15,0.74
customer_649,71.36,65.75,8.06,19.6,9.48
customer_650,449.75,94.3,14.4,42.14,9.92
customer_651,99.36,37.61,3.57,20.44,12.57
customer_652,535.76,41.88,0.69,59.01,7.78
customer_653,114.5,8.76,0.16,52.71,3.34
customer_654,1750.36,77.77,64.46,31,6.51
customer_655,954.49,25.33,0.28,33.01,6.62
customer_656,529.32,96.47,13.33,11.69,8.54
customer_657,228.82,83.04,10.59,62.86,9.78
customer_658,1402.8,9.02,1.13,5.51,1.07
customer_659,468.2,99.09,16.66,34.51,11.34
customer_660,1514.25,49.22,4.66,4.02,1.55
customer_661,104.81,93.41,14.46,61.32,8.36
customer_662,1547.59,76.69,11.22,2.98,3.66
customer_663,885.34,32.07,2.12,17.66,2.28
customer_664,310.04,84.07,9.25,28.21,8.68
customer_665,168.82,62.19,6.05,40.18,8.1
customer_666,61.93,69.7,40.16,22.96,4.51
customer_667,329.15,66.66,7.64,17.71,3.41
customer_668,494.03,84.03,62.36,56.49,4.13
customer_669,157.13,53.03,7.22,46.13,1.39
customer_670,1220.06,70.76,14.77,39.8,7.08
customer_671,410.5,12.14,2.17,38.5,5.93
customer_672,306.6,92.43,25.57,25.97,9.46
customer_673,207.59,66.99,5.38,36.75,9.3
customer_674,454.38,59.92,5.3,62.65,5.54
customer_675,342.47,21.3,2,34.86,3.48
customer_676,1564.58,78.88,70.73,55.38,9.3
customer_677,127.7,7.57,2.34,46.9,7.63
customer_678,762.95,22.96,3.04,58.22,9.61
customer_679,847.09,6.63,0.44,11.14,1.65
customer_680,1048.83,63.63,8.73,13.14,3.06
customer_681,283.31,41.18,5.14,4.9,3.12
customer_682,1741.77,46.06,3.06,54.76,9.12
customer_683,271.86,94.81,13.74,53.34,8.28
customer_684,345.08,6.17,1.8,53.48,8.27
customer_685,200.15,23.53,1.65,52.71,2.56
customer_686,874.6,80.49,9.7,15.87,1.42
customer_687,494.14,50.32,3.22,69.93,0.64
customer_688,777.04,89.79,12.67,44.95,8.41
customer_689,1139.53,42.79,1.77,21.13,1.92
customer_690,235.38,15.62,1.67,23.8,6.8
customer_691,1570.91,81.93,9.45,25.39,4.55
customer_692,439.08,45.49,3.36,56.35,6.69
customer_693,408.79,20.66,1.33,53.62,8.67
customer_694,1491.63,81.83,9.56,19.94,5.32
customer_695,254.76,23.23,2.15,38.92,9.7
customer_696,400.78,55.24,4.9,30.8,12.49
customer_697,78.77,58.43,6.98,19.18,7.09
customer_698,83.38,17.17,2.03,6.23,13.03
customer_699,566.19,31,0.17,55.72,7.7
customer_700,430.67,83.92,11.01,11.27,11.34
customer_701,557.25,87.17,10.51,10.99,7
customer_702,1591.12,95.55,76.72,36.62,6.39
customer_703,913.25,50.2,3.61,15.93,2.68
customer_704,757.2,36.26,0.96,23.77,3.79
customer_705,310.01,64.98,22.67,7.28,13.71
customer_706,1194.15,67.92,5.3,67.34,15.8
customer_707,1191.63,61.28,4.68,39.7,9.24
customer_708,439.48,49.05,2.96,13.79,10.19
customer_709,534.22,1.16,2.52,48.44,7.04
customer_710,1078.48,56.58,5.42,59.72,12.61
customer_711,152.75,55.95,4.08,54.46,2.64
customer_712,536.46,50.57,3.57,17.92,4.78
customer_713,634.98,5.67,2.58,25.42,7.79
customer_714,1595.17,60.23,5.83,60.19,14.27
customer_715,1744.17,58.17,4.35,19.25,4
customer_716,1342.57,23.13,3.42,43.68,8.82
customer_717,607.87,23.36,2.82,40.25,8.21
customer_718,232.84,30.14,1.78,48.79,8.59
customer_719,1471.83,43.72,5.5,44.15,9.79
customer_720,375.98,12.49,64.97,66.92,4.25
customer_721,272.47,92.1,12.41,17.5,10.7
customer_722,113.02,31.71,33.48,58.38,5.52
customer_723,108.78,26.32,10.29,0.42,8.04
customer_724,1253.25,65.73,9.85,65,11.22
customer_725,1460.83,76.53,8.15,9.51,3.79
customer_726,1.09,51.23,4.96,69.58,10.04
customer_727,475.24,44.01,3.36,60.55,10.08
customer_728,325.54,72.08,5.97,8.19,11.3
customer_729,1296.24,73.85,10.47,42.08,8.59
customer_730,617.22,89.77,11.44,24.92,3.73
customer_731,79.94,75.35,7.91,6.02,6.18
customer_732,1229.78,8.29,3.63,42.86,5.37
customer_733,726.25,52.58,4.29,6.64,4.64
customer_734,5.01,44.73,3.21,21.21,5.55
customer_735,154.33,98.76,16.62,8.47,10.96
customer_736,1017.22,20.78,3.57,58.94,12.56
customer_737,1735.87,74.91,8,48.29,9.16
customer_738,231.25,86.87,10.73,37.8,4.59
customer_739,1300.47,57.77,6.27,32.42,5.77
customer_740,3.27,98.69,14.9,37.52,11.1
customer_741,62.95,91.12,12.57,65.8,7.53
customer_742,277.99,42.9,2.79,13.23,3.99
customer_743,12.98,58,5.15,1.54,14.29
customer_744,1589.86,85.56,15.65,66.34,10.08
customer_745,443.85,46.86,5.99,52.01,0.82
customer_746,453.21,68.33,4.88,23.38,9.58
customer_747,212.79,3.02,0.25,22.96,7.58
customer_748,926.72,50.59,6.59,43.02,10.04
customer_749,338.52,26.81,1.06,13.02,5.82
customer_750,1215.35,39.36,19.45,50.94,5.33
customer_751,794.17,31.28,2.43,54.17,7.88
customer_752,1450.32,18.65,0.75,69.83,13.41
customer_753,646.72,76.65,8.11,1.29,3.92
customer_754,931.18,69.24,8.06,37.94,5.27
customer_755,1547.84,12.69,0.4,40.96,10.39
customer_756,493.65,58.34,8.11,43.26,10.47
customer_757,1063.41,97.72,7.47,37.93,3.04
customer_758,98.86,47.5,1.56,54.67,5.34
customer_759,240.81,38.24,2.83,44.52,8.6
customer_760,442.19,22.44,2.73,40.11,3.9
customer_761,325.36,70.48,6.91,0.49,8.2
customer_762,721.64,1.03,36.75,6.23,2.09
customer_763,88.29,31.93,2.69,5.04,7.63
customer_764,826.36,65.27,7.82,7.84,0.74
customer_765,1528.96,38.77,3.23,33.74,8.16
customer_766,743.13,68.94,6.13,33.5,10.64
customer_767,1043.31,20.23,0.26,17.73,4.96
customer_768,232.79,53.13,4.06,38.78,7.92
customer_769,1023.36,72.34,7.27,42.98,8.25
customer_770,1411.65,77.47,21.8,0.93,1.3
customer_771,1688.63,60.35,4.32,7.73,2.27
customer_772,568.65,21.2,2.5,29.05,11.27
customer_773,716.31,33.82,36.31,4.15,1.02
customer_774,404.4,93.91,14.09,65.45,4.73
customer_775,1565.69,95.37,69.12,21.17,3.2
customer_776,982.52,62.99,8.38,4.95,0.16
customer_777,1075.92,7.47,0.05,14.24,1.48
customer_778,150.87,7.71,1.81,7.14,7.09
customer_779,176.82,34.86,2.6,49.28,8.26
customer_780,1381.93,48.47,5.76,22.75,8.07
customer_781,1497.8,32.35,1.49,12.95,1.24
customer_782,255.97,8.11,62.15,53.62,3.71
customer_783,326.13,37.73,2.92,42.56,9.56
customer_784,1613.52,76.77,8.83,4.51,0.79
customer_785,581.86,70.93,7.79,19.6,3.97
customer_786,155.32,51.41,3.68,24.15,1.88
customer_787,88.48,34.08,0.52,18.34,5.83
customer_788,710.3,73.87,8.42,49.71,9.94
customer_789,414.58,42.57,2.63,44.38,9.03
customer_790,1444.54,11.4,2.34,67.42,12.07
customer_791,1070.81,91.54,72.12,39.1,7.44
customer_792,253.6,16.43,1.97,5.32,10.26
customer_793,306.63,8.99,0.72,49.98,5.29
customer_794,588.44,10.41,0.6,14.98,8.38
customer_795,1047.16,95.28,14.6,49.11,10.86
customer_796,224.4,67.55,8,6.3,9.1
customer_797,760.08,79.55,9.77,3.74,2.75
customer_798,1756.4,3.85,0.59,12.87,3.99
customer_799,1460.99,85.63,10.92,29.24,6.47
customer_800,1392.29,89.84,11.11,28.89,4.43
customer_801,1075.75,27.38,2.3,8.69,3.57
customer_802,180.7,91.92,13.71,41.44,5.47
customer_803,914.45,97.07,14.13,57.07,11.69
customer_804,793,96.79,14.04,59.6,10.12
customer_805,617.89,57.21,5.47,5.46,10.45
customer_806,1396.75,50.13,3.77,28.44,4.6
customer_807,195.99,14.01,1.77,22.75,8.93
customer_808,72.44,98.15,15.62,19.25,7.35
customer_809,129.03,65.78,4.09,65.59,9.87
customer_810,1113.01,25.5,2.99,29.18,6.86
customer_811,868.69,99.14,14.75,35.14,5.59
customer_812,1620.53,83.9,11.45,7.21,1.22
customer_813,1413.73,5.8,1.74,60.22,13.72
customer_814,1694.95,53.61,5.88,40.89,7.67
customer_815,153.39,62.62,7.54,62.16,6.27
customer_816,398.02,49.05,5.49,61.32,10.55
customer_817,116.41,54.7,3.28,31.43,3.88
customer_818,1647.83,4,0.11,64.33,11.37
customer_819,1451.69,55.65,6.36,44.88,6.07
customer_820,1178.45,57.98,4.87,23,8.04
customer_821,826.03,8.87,48.59,3.22,3.26
customer_822,849.78,45.95,2.32,36.45,10.58
customer_823,994.89,17.24,1.87,7.41,1.99
customer_824,1293.09,26.44,4.43,35.83,3.5
customer_825,636.16,58.23,6.2,26.34,7.67
customer_826,35.32,37.7,1.03,19.25,4.07
customer_827,1069.16,52.16,50.93,32.96,9.12
customer_828,241.78,77.42,8.38,10.08,14.54
customer_829,826.97,23.62,1.7,69.99,11.9
customer_830,799.3,72.09,6.07,13.23,5.86
customer_831,441.06,65.63,3.86,53.69,8.17
customer_832,969.1,11.57,2.67,25.8,8.4
customer_833,363.68,94.94,12.12,19.6,11.25
customer_834,643.3,25.14,44,53.44,12.56
customer_835,816.85,31.08,2.13,14.16,1.27
customer_836,614.59,73.52,10.21,36.26,13.58
customer_837,77.06,62.88,5.3,47.32,11.42
customer_838,90.19,86.46,11.08,22.19,10.82
customer_839,1018.7,34.8,3.3,42.13,6.87
customer_840,335.77,98.36,13.43,50.82,11.93
customer_841,349.53,69.48,7.05,32.27,12.4
customer_842,107.82,46.76,44.59,36.4,4.27
customer_843,574.57,60.14,5.73,10.92,6.66
customer_844,1543.5,15.4,3.43,24.5,5.59
customer_845,329.06,2.54,3.49,18.2,10.5
customer_846,447.75,45.58,4.61,27.58,5.73
customer_847,421.87,4.08,0.92,66.15,5.33
customer_848,1450.26,71.04,7.77,49.58,9.05
customer_849,1617.47,68.96,6.75,11.44,1.27
customer_850,115.17,29.74,1.39,9.66,10.72
customer_851,537.45,70.3,5.94,44.24,5.3
customer_852,616.56,45.29,1.45,25.62,13.95
customer_853,1335.82,76.62,7.35,24.17,5.24
customer_854,504.26,34,2.97,8.47,17.51
customer_855,1433.16,56.1,1.17,27.76,5.84
customer_856,620.53,14.37,0.47,49.02,6.41
customer_857,52.8,15.34,2.81,18.69,3.54
customer_858,597.5,46.46,3.84,66.08,6.75
customer_859,1175.79,19.29,1.27,18.12,4.17
customer_860,417.93,49.42,2.97,22.68,5.89
customer_861,143.1,51.11,5.03,1.47,10.8
customer_862,983.79,70.14,10.55,21.59,2.48
customer_863,1610.51,16.84,1.85,67.18,9.33
customer_864,79.86,39.3,3.98,53.48,3.4
customer_865,198.25,87.71,13.26,20.37,9.93
customer_866,1608.17,35.92,4.06,5.69,1.02
customer_867,227.6,80.88,8.72,2.8,8.4
customer_868,195.59,94.87,18.43,25.55,10.15
customer_869,1566,90.61,10.46,35.07,5.6
customer_870,815.08,13.95,0,39.84,7.05
customer_871,23.19,10.24,1.15,0.84,10.31
customer_872,13.31,51.74,5.09,10.22,12.77
customer_873,1474.39,28.83,1.81,62.79,11.08
customer_874,356.88,27.87,2.5,31.43,8.87
customer_875,75.37,89.79,9.25,56.21,11.98
customer_876,604.46,12.59,0.18,16.03,11.74
customer_877,921.95,72.09,8.95,65.26,10.34
customer_878,248.74,93.62,14.22,58.31,4.84
customer_879,178.89,56.27,3.73,40.53,12.77
customer_880,1117.24,81.12,8.84,6.61,4.79
customer_881,171.76,36.1,1.14,3.57,8.84
customer_882,1026.5,55.29,26.21,41.61,8.74
customer_883,463.11,34.65,4.37,57.05,3.54
customer_884,95.52,36.74,30.44,62.58,3.89
customer_885,1175.48,68.67,7.4,57.5,12.49
customer_886,80.31,38.91,1.66,67.9,1
customer_887,1281.9,70.31,6.92,16.84,7.71
customer_888,1662.78,76.42,9.41,64,13.8
customer_889,390.25,53.48,7.13,42.14,10.38
customer_890,519.44,34.33,3.27,59.71,5.73
customer_891,1673.3,58.19,5.83,3.68,1.35
customer_892,1771.05,56.31,6.71,45.4,10.84
customer_893,346.35,19.03,1.27,31.08,7.23
customer_894,197.01,37.54,4.01,20.79,6.93
customer_895,369.28,48.7,3.61,66.99,6.53
customer_896,261.76,77.16,7.43,41.86,5.67
customer_897,453.05,21.7,3.53,65.52,1.66
customer_898,393.14,65.53,5.29,53.27,8.28
customer_899,668.85,24.78,0.53,57.69,11.49
customer_900,395.98,5.38,1.77,47.53,8.41
customer_901,131.64,79.72,8.92,35.91,7.57
customer_902,458.34,23.99,34.83,4.83,10.3
customer_903,1302.74,0.31,2.85,40.36,8.86
customer_904,562.87,75.78,9.97,37.1,6.13
customer_905,227.23,8.37,0.36,40.95,5.98
customer_906,325,85.16,12.18,37.94,10.78
customer_907,122.24,45.81,4.04,62.58,11.47
customer_908,210.93,76.02,10.01,19.81,13
customer_909,56.59,39.17,0.84,50.4,6.06
customer_910,309.53,34.43,3.6,50.33,9.5
customer_911,31.99,27.75,1.65,22.12,5.97
customer_912,175.55,17.9,2.15,2.17,12.3
customer_913,405.42,58.74,39.13,67.06,6.26
customer_914,1124.36,23.46,2.5,37.59,9.6
customer_915,1624.7,51.35,3.59,6.06,2.73
customer_916,1663.66,36.99,1.64,27.49,3.63
customer_917,526.54,55.1,4.91,59.78,5.6
customer_918,715.67,88.69,11.63,65.97,14.92
customer_919,1250.39,16.41,0.86,61.89,8.51
customer_920,693.79,13.4,1.26,40.41,6.01
customer_921,302.01,99.37,17.19,63.14,7.72
customer_922,413.77,61.07,3.23,59.22,7.2
customer_923,1238.28,39.58,3.41,16.06,7.91
customer_924,106.24,60.21,5.44,36.19,7.44
customer_925,423.29,0.4,12.21,60.62,1.74
customer_926,836.63,34.25,0.93,18.34,4.83
customer_927,173.78,66.77,6.28,7.28,8.41
customer_928,81.85,61.43,7.68,59.64,4.24
customer_929,1227.99,2.5,3.35,58.64,11.03
customer_930,408.64,71.9,8.83,25.48,5.74
customer_931,468.32,29.62,1.15,24.71,9.97
customer_932,370.57,15.33,2.93,16.73,11.95
customer_933,329.54,12.51,3.88,6.02,11.33
customer_934,822.45,77.96,10.08,6.51,2.9
customer_935,37.39,39.74,2.45,15.54,12.24
customer_936,557.96,5.26,2.58,21.98,10.35
customer_937,1450.74,94.59,35.91,40.42,9.37
customer_938,1356.15,78.65,11.11,20.69,1.87
customer_939,715.4,40.55,2.03,64.36,8.61
customer_940,812.2,90.7,11.23,11.38,1
customer_941,1293.48,88.37,11.61,20.5,4.71
customer_942,1315.62,56.03,6.98,35.7,9.55
customer_943,275.79,64.94,8.74,66.15,10.25
customer_944,37.87,52.25,5.66,68.6,1.77
customer_945,1234.03,92.25,15.19,31.58,9.22
customer_946,176.29,26.41,1.48,27.37,7.11
customer_947,290.97,80.75,11.11,49.84,5.54
customer_948,580.51,87,10.49,28.98,6.21
customer_949,793.76,76.17,11.49,39.52,9.3
customer_950,324.47,63.93,42.25,4.55,10.53
customer_951,284.52,85.32,8.92,20.23,4.8
customer_952,1159.58,43.31,0.05,24.59,7.71
customer_953,347.24,76.75,12.45,39.62,6.2
customer_954,586.04,39.77,3.68,17.85,4.76
customer_955,617.25,30.41,1.41,16.38,11.12
customer_956,420.67,53.07,3.52,33.95,0.32
customer_957,263.4,53.93,5.84,47.25,2.73
customer_958,415.87,43.76,2.53,28.7,8.68
customer_959,21.13,41.97,3.05,7.28,7.95
customer_960,544.01,12.73,3.12,42.35,3.66
customer_961,411.33,39.51,70.1,68.81,6.43
customer_962,458.72,72.82,9.4,65.87,7.84
customer_963,269.85,50.54,2.34,63.28,7.65
customer_964,119.5,61.31,5.82,41.65,2.16
customer_965,929.46,47.68,3.58,28.78,2.7
customer_966,1521.3,96.37,13.75,49.96,8.03
customer_967,211.64,88.76,10.6,28.56,7.71
customer_968,418.9,54.29,14.78,65.31,7.45
customer_969,270.17,29.02,3.52,18.27,8.02
customer_970,239.04,93.66,13.49,34.02,5.12
customer_971,625.84,78.91,9.63,17.91,5.78
customer_972,388.03,94.49,12.35,57.89,7.65
customer_973,2.85,78.12,10.11,30.73,4.68
customer_974,290.89,99.61,15.18,24.01,8.88
customer_975,119.15,48.49,2.25,22.26,4.36
customer_976,986.91,5.73,1.29,54.47,10.38
customer_977,532.15,85.94,10.18,48.23,8.98
customer_978,682.04,62.93,5.97,31.58,6.61
customer_979,565.32,12.82,2.01,44.94,8.26
customer_980,316.66,35.35,1.03,54.81,7.84
customer_981,321.12,41.11,1.65,8.19,10.78
customer_982,1038.19,22.54,1.11,43.94,8.84
customer_983,391.97,99.99,16.55,62.3,1.39
customer_984,91.94,97.95,11.23,22.54,7.61
customer_985,390.9,21.68,69.64,20.58,11.15
customer_986,136.73,71.81,8.55,64.47,11.32
customer_987,203.26,55.72,4.93,55.16,13.77
customer_988,583.67,69.65,8.97,35.49,8.13
customer_989,573.11,65.89,6.46,54.25,3.32
customer_990,634.88,38.9,2.9,41.71,10.07
customer_991,316.78,53.04,4.81,25.83,12.17
customer_992,554.01,60.43,7.48,8.75,10.09
customer_993,169.93,63.74,9.53,46.9,9.81
customer_994,260.85,65.06,6.61,28.28,12.8
customer_995,262.7,38.4,3.57,11.2,12.35
customer_996,226.73,94.36,11.58,58.17,7.58
customer_997,10.76,32.53,3.58,5.11,11.13
customer_998,670.67,70.31,7.68,37.82,9.76
customer_999,227.38,15.3,2.61,49.63,10.05
customer_1000,895.85,85.78,12.96,61.47,10
